{"cameraMode":{"drawMode":0,"name":"Shaded","section":"Shading Mode"},"sceneLighting":true,"audioPlay":false,"sceneViewState":{"m_AlwaysRefresh":false,"showFog":true,"showSkybox":true,"showFlares":true,"showImageEffects":true,"showParticleSystems":true,"showVisualEffectGraphs":true,"m_FxEnabled":true},"in2DMode":false,"pivot":{"x":-270.2367858886719,"y":1.5728428363800049,"z":-373.90606689453127},"rotation":{"x":0.007654529996216297,"y":0.9899762868881226,"z":0.05916257202625275,"w":-0.12811635434627534},"size":0.03581192344427109,"orthographic":false}